id,name,slug,short_description,category,subcategory,tags,pricing_model,starting_price,skill_level,website_url,logo_url,internal_score,is_featured,active,use_cases,target_audience,difficulty_score,recommended_for,popularity_score,beginner_friendly,tool_type,pros,cons,best_use_cases
"1","Semrush Content Marketing","semrush-content-marketing","Content marketing toolkit within SEMrush for topic research and planning","copywriting","Content Strategy","content-marketing,topic-research,seo,planning,briefs","paid","Included with SEMrush $129.95/mo","intermediate","https://www.semrush.com/content-marketing/","https://logo.clearbit.com/semrush.com","82","false","true","content planning,topic research,content briefs,seo writing,editorial calendar","content marketing teams","4","content teams with SEMrush subscription","7","false","traditional","Integrated with SEMrush, data-driven topics, content briefs","Requires SEMrush subscription, complex","Content strategy, Topic research, SEO content planning"
"2","Moz Pro","moz-pro","SEO software for keyword research, link building, and site audits","analytics","SEO Analytics","seo,keywords,links,domain-authority,site-audit","paid","$99/mo","intermediate","https://moz.com/products/pro","https://logo.clearbit.com/moz.com","82","false","true","keyword research,link building,site audit,rank tracking,domain authority analysis","SEO professionals","4","SEO teams and agencies","7","false","traditional","Domain Authority metric, good keyword tool, educational resources","Smaller link index than Ahrefs, dated interface","Domain authority analysis, Keyword research, Site audits"
"3","Crazy Egg","crazy-egg","Heatmap and A/B testing tool for website optimization","analytics","Behavior Analytics","heatmaps,ab-testing,scrollmaps,recordings,optimization","paid","$29/mo","beginner","https://www.crazyegg.com","https://logo.clearbit.com/crazyegg.com","77","false","true","heatmap analysis,a/b testing,scroll tracking,click tracking,conversion optimization","marketers and UX teams","2","conversion optimization teams","6","true","traditional","Easy heatmaps, simple A/B testing, affordable","Less features than Hotjar, limited recordings","Quick heatmap analysis, Simple A/B tests"
"4","Amplitude","amplitude","Product analytics platform for understanding user behavior at scale","analytics","Product Analytics","product-analytics,behavioral,cohorts,funnels,retention","freemium","Free up to 10M events","advanced","https://amplitude.com","https://logo.clearbit.com/amplitude.com","85","false","true","product analytics,behavioral analysis,funnel optimization,retention analysis,experimentation","product and growth teams","6","data-driven product teams","7","false","traditional","Powerful behavioral analytics, generous free tier, great visualizations","Complex setup, steep learning curve","Product usage analysis, Behavioral cohorts, Growth experiments"
"5","Phantom Buster","phantombuster","Cloud-based automation tool for lead generation and data extraction","automation","Lead Generation","automation,lead-gen,scraping,linkedin,social-media","paid","$69/mo","intermediate","https://phantombuster.com","https://logo.clearbit.com/phantombuster.com","76","false","true","lead generation,data extraction,linkedin automation,social media automation,outreach","sales and growth teams","4","B2B sales teams","6","false","traditional","Powerful automation, LinkedIn focused, cloud-based","Can violate platform TOS, learning curve","LinkedIn lead generation, Data extraction, Outreach automation"
"6","Airtable","airtable","Flexible database-spreadsheet hybrid for organizing anything","automation","Productivity","database,spreadsheet,no-code,organization,collaboration","freemium","Free, Plus $10/mo","beginner","https://airtable.com","https://logo.clearbit.com/airtable.com","87","false","true","content calendar,project management,crm,inventory,database,workflow automation","teams and businesses","3","teams needing flexible data organization","8","true","traditional","Extremely flexible, beautiful views, automations, free tier","Can get expensive, record limits","Content calendars, CRM, Project tracking, Inventory"
"7","Slack","slack","Team messaging and collaboration platform","automation","Communication","messaging,collaboration,team,channels,integrations","freemium","Free, Pro $7.25/mo","beginner","https://slack.com","https://logo.clearbit.com/slack.com","90","false","true","team communication,project collaboration,file sharing,workflow automation,integrations","all teams","1","all remote and hybrid teams","10","true","traditional","Intuitive, massive integrations, channels, free tier","Can be distracting, message history limits on free","Team communication, Project channels, Workflow notifications"
"8","Trello","trello","Visual project management with kanban boards","automation","Project Management","kanban,project-management,boards,visual,collaboration","freemium","Free, Standard $5/mo","beginner","https://trello.com","https://logo.clearbit.com/trello.com","84","false","true","project management,task tracking,content calendar,team collaboration,workflow management","teams of all sizes","1","small teams and individuals","8","true","traditional","Simple kanban, free tier, visual, easy to learn","Limited for complex projects, basic reporting","Task management, Content calendars, Simple project tracking"
"9","Asana","asana","Work management platform for teams to organize and track projects","automation","Project Management","project-management,tasks,timelines,goals,collaboration","freemium","Free, Starter $10.99/mo","beginner","https://asana.com","https://logo.clearbit.com/asana.com","88","false","true","project management,task management,goal tracking,team collaboration,workflow automation","teams and organizations","3","growing teams needing structure","8","true","traditional","Multiple views, goals, automations, free tier","Can be complex, expensive for advanced features","Team project management, Goal tracking, Cross-team collaboration"
"10","Wix","wix","Drag-and-drop website builder for businesses and portfolios","landing_pages","Website Builder","website-builder,drag-drop,templates,hosting,easy","freemium","Free, Light $17/mo","beginner","https://www.wix.com","https://logo.clearbit.com/wix.com","83","false","true","website building,portfolio,small business site,blog,e-commerce,landing pages","small businesses and individuals","2","non-technical users","9","true","hybrid","Very easy, AI site builder, templates, free tier","Less flexible than Webflow, Wix branding on free","Small business websites, Portfolios, Simple e-commerce"
"11","Squarespace","squarespace","Premium website builder with beautiful templates","landing_pages","Website Builder","website-builder,templates,design,e-commerce,hosting","paid","$16/mo","beginner","https://www.squarespace.com","https://logo.clearbit.com/squarespace.com","85","false","true","website building,portfolio,e-commerce,blog,restaurant sites,creative portfolios","creatives and small businesses","2","creatives wanting beautiful sites","8","true","traditional","Gorgeous templates, all-in-one, reliable hosting","Less flexible, limited third-party integrations","Creative portfolios, Restaurant sites, Small business websites"
"12","Claude","claude","Anthropic's AI assistant for analysis, writing, and coding","copywriting","AI Assistant","ai,assistant,writing,analysis,coding,research","freemium","Free, Pro $20/mo","beginner","https://claude.ai","https://logo.clearbit.com/anthropic.com","92","true","true","content writing,analysis,research,coding,brainstorming,document review,strategy","professionals and creators","1","professionals needing thoughtful AI assistance","9","true","ai","Thoughtful responses, long context, excellent writing, safe","Can be verbose, no image generation","Long-form writing, Document analysis, Strategy brainstorming"
"13","Perplexity","perplexity","AI-powered search engine with cited answers","analytics","Research","ai,search,research,citations,answers","freemium","Free, Pro $20/mo","beginner","https://www.perplexity.ai","https://logo.clearbit.com/perplexity.ai","86","false","true","research,competitive analysis,market research,fact-checking,trend analysis","researchers and marketers","1","anyone doing research","8","true","ai","Cited sources, real-time data, easy to use, free tier","Can miss nuance, limited deep analysis","Quick research, Competitive analysis, Fact-checking"
"14","Canva Video","canva-video","Simple video creation tool within Canva's design platform","video","Social Video","video,social-media,templates,easy,design","freemium","Free, Pro $12.99/mo","beginner","https://www.canva.com/video-editor/","https://logo.clearbit.com/canva.com","81","false","true","social media video,video presentations,ad videos,promotional videos,video templates","non-video editors","2","beginners creating social videos","8","true","hybrid","Easy to use, templates, integrated with Canva, free tier","Limited editing features, basic transitions","Social media videos, Promotional clips, Video presentations"
"15","Substack","substack","Newsletter platform for writers to publish and monetize content","email_marketing","Newsletter Platform","newsletter,writing,monetization,subscription,publishing","free","Free (10% on paid subscriptions)","beginner","https://substack.com","https://logo.clearbit.com/substack.com","84","false","true","newsletter publishing,content monetization,audience building,blogging,paid subscriptions","writers and thought leaders","1","writers wanting to monetize newsletters","8","true","traditional","Free to start, built-in monetization, simple, growing network","10% cut on paid, limited design, basic analytics","Paid newsletters, Thought leadership, Audience building"